type,run_number,parseable,EM,DFA-EQ@1,DFA-EQ@3,DFA-EQ@10,pass_at_1,pass_at_3,pass_at_10,vul@1_rescue,vul@3_rescue,vul@10_rescue,vul@1_redos,vul@3_redos,vul@10_redos
raw,2,0.2398950131233596,24.409448818897637,7.480314960629922,10.498687664041995,14.566929133858267,23.98950131233596,31.48840769903762,38.71391076115486,0.2887139107611549,1.221722284714411,2.099737532808399,3.149606299212598,5.637576552930884,9.711286089238845
refined,2,0.15078740157480314,12.46719160104987,7.742782152230972,13.254593175853019,23.753280839895012,15.078740157480317,21.024715660542434,27.69028871391076,0.039370078740157466,0.19685039370078738,0.39370078740157477,1.719160104986877,2.9330708661417324,5.2493438320209975
