type,run_number,parseable,EM,DFA-EQ@1,DFA-EQ@3,DFA-EQ@10,pass_at_1,pass_at_3,pass_at_10,vul@1_rescue,vul@3_rescue,vul@10_rescue,vul@1_redos,vul@3_redos,vul@10_redos
raw,4,0.2368766404199475,23.228346456692915,8.136482939632545,11.548556430446194,14.698162729658792,23.68766404199475,31.34951881014873,38.976377952755904,0.3018372703412074,1.1186101737282839,1.7060367454068242,2.8215223097112863,5.007655293088364,9.05511811023622
refined,4,0.1468503937007874,10.104986876640421,6.824146981627297,12.860892388451445,22.178477690288716,14.685039370078739,21.019247594050743,27.296587926509186,0.01312335958005249,0.06561679790026247,0.13123359580052493,1.811023622047244,2.957130358705162,4.8556430446194225
