type,parseable,EM,DFA-EQ@1,DFA-EQ@3,DFA-EQ@10,pass_at_1,pass_at_3,pass_at_10,vul@1_rescue,vul@3_rescue,vul@10_rescue,vul@1_redos,vul@3_redos,vul@10_redos
raw,0.2377952755905512,23.097112860892388,8.169291338582678,11.253280839895012,15.15748031496063,23.77952755905512,31.419510061242345,38.84514435695538,0.30839895013123364,1.1768060242469691,1.9028871391076114,3.057742782152231,5.465879265091864,9.514435695538058
refined,0.1483267716535433,11.778215223097114,7.119422572178478,13.385826771653544,22.83464566929134,14.832677165354331,21.05971128608924,27.39501312335958,0.0295275590551181,0.14763779527559054,0.2952755905511811,1.7224409448818898,2.82917760279965,4.79002624671916
