type,parseable,EM,DFA-EQ@1,DFA-EQ@3,DFA-EQ@10,pass_at_1,pass_at_3,pass_at_10,vul@1_rescue,vul@3_rescue,vul@10_rescue,vul@1_redos,vul@3_redos,vul@10_redos
raw,0.23810148731408573,23.05336832895888,8.180227471566054,11.15485564304462,15.31058617672791,23.810148731408574,31.44284047827355,38.80139982502187,0.310586176727909,1.196204641086531,1.968503937007874,3.1364829396325455,5.61862058909303,9.667541557305336
refined,0.14881889763779527,12.335958005249344,7.217847769028872,13.560804899387577,23.05336832895888,14.881889763779528,21.073199183435403,27.42782152230971,0.03499562554680664,0.17497812773403323,0.34995625546806647,1.6929133858267715,2.7865266841644796,4.768153980752406
