type,parseable,EM,DFA-EQ@1,DFA-EQ@3,DFA-EQ@10,pass_at_1,pass_at_3,pass_at_10,vul@1_rescue,vul@3_rescue,vul@10_rescue,vul@1_redos,vul@3_redos,vul@10_redos
raw,0.29023622047244096,118.47769028871392,16.53543307086614,19.00262467191601,22.125984251968504,29.023622047244096,35.13560804899387,41.0761154855643,0.2467191601049869,0.9414448193975753,1.522309711286089,2.446194225721785,4.372703412073491,7.611548556430447
refined,0.20866141732283464,99.4225721784777,15.695538057742784,20.708661417322837,28.267716535433074,20.866141732283467,26.84776902887139,31.916010498687665,0.02362204724409448,0.11811023622047243,0.23622047244094485,1.3779527559055118,2.2633420822397197,3.832020997375328
