type,run_number,parseable,EM,DFA-EQ@1,DFA-EQ@3,DFA-EQ@10,pass_at_1,pass_at_3,pass_at_10,vul@1_rescue,vul@3_rescue,vul@10_rescue,vul@1_redos,vul@3_redos,vul@10_redos
raw,1,0.24120734908136482,22.30971128608924,9.05511811023622,12.073490813648293,15.879265091863518,24.120734908136484,31.80883639545057,38.71391076115486,0.35433070866141736,1.3097321168187308,1.968503937007874,2.9921259842519685,5.207786526684164,8.398950131233596
refined,1,0.14488188976377953,11.811023622047244,6.955380577427822,12.335958005249344,21.25984251968504,14.488188976377952,20.43307086614173,26.902887139107612,0.039370078740157466,0.19685039370078738,0.39370078740157477,1.6404199475065617,2.559055118110236,4.0682414698162725
