model,prompt,k,accuracy,precision,recall,f1,f0.5
gpt3dot5,A1,1,0.6512033333333334,0.67317,0.58843,0.62782,0.65422
gpt3dot5,A2,1,0.6160666666666667,0.6979166666666666,0.40914666666666666,0.5156533333333333,0.6113433333333333
gpt3dot5,A3,1,0.6037133333333333,0.7046266666666666,0.3568233333333334,0.47350333333333333,0.58938
gpt3dot5,A4,1,0.5222733333333334,0.69831,0.07807,0.14001666666666665,0.26785333333333333
gpt3dot5,A5,1,0.5847933333333334,0.62562,0.4226233333333333,0.5042533333333333,0.5705833333333333
gpt3dot5,A5,3,0.58204,0.59344,0.52073,0.5545666666666667,0.5772133333333334
gpt3dot5,A5,5,0.5719266666666666,0.5820299999999999,0.5103666666666666,0.5436366666666667,0.5659766666666666
gpt3dot5,basic,1,0.60804,0.65438,0.45803,0.5385866666666667,0.60244
