type,run_number,parseable,EM,DFA-EQ@1,DFA-EQ@3,DFA-EQ@10,pass_at_1,pass_at_3,pass_at_10,vul@1_rescue,vul@3_rescue,vul@10_rescue,vul@1_redos,vul@3_redos,vul@10_redos
raw,0,0.2332020997375328,22.440944881889763,8.005249343832022,10.892388451443571,15.485564304461944,23.32020997375328,31.03127734033246,38.976377952755904,0.2887139107611548,1.057159521726451,1.837270341207349,3.2677165354330713,6.010498687664042,10.892388451443571
refined,0,0.15078740157480314,12.72965879265092,6.955380577427822,15.091863517060366,24.146981627296586,15.078740157480317,21.761811023622045,27.69028871391076,0.02624671916010498,0.13123359580052493,0.26246719160104987,1.7191601049868765,2.8674540682414698,4.986876640419948
